{
  "test_accuracy": 0.5833333333333334,
  "test_f1": 0.0,
  "test_roc_auc": 0.40740740740740744,
  "baseline_accuracy": 0.75,
  "cv_roc_auc_mean": 0.8476190476190477,
  "cv_roc_auc_std": 0.09899700133650798
}