{
  "test_mae": 12.474677847713595,
  "test_rmse": 27.765886831017344,
  "test_r2": 0.28548482746667625,
  "baseline_mae": 17.70620208532239,
  "improvement_over_baseline_pct": 29.546281085007394,
  "cv_mae_mean": 11.63594313699362,
  "cv_mae_std": 1.9286897779129397
}