{
  "test_mae": 12.481377651590924,
  "test_rmse": 27.277763535668836,
  "test_r2": 0.31038630512933996,
  "baseline_mae": 17.70620208532239,
  "improvement_over_baseline_pct": 29.50844234440654,
  "cv_mae_mean": 11.761473511222986,
  "cv_mae_std": 1.7244743145427615
}