{
  "test_mae": 12.154542858703005,
  "test_rmse": 27.556106694508866,
  "test_r2": 0.29624082123897566,
  "baseline_mae": 17.70620208532239,
  "improvement_over_baseline_pct": 31.3543198019944,
  "cv_mae_mean": 11.671089656552997,
  "cv_mae_std": 1.846101980166346
}