{
  "test_mae": 13.100122699386501,
  "test_rmse": 28.967016508414755,
  "test_r2": 0.22232902409658062,
  "baseline_mae": 17.70620208532239,
  "improvement_over_baseline_pct": 26.013932088542642,
  "cv_mae_mean": 11.123210971973764,
  "cv_mae_std": 1.9254396974177568
}